{  
   "id":1,
   "user":{  
      "firstname":"Jacquette",
      "lastname":"Marion",
      "email":"jmarion0@nyu.edu",
      "address":"207 Ryan Avenue",
      "city":"Lubbock",
      "state":"Texas",
      "zip":"79491"
   },
   "portfolio":[  
      {  
         "symbol":"NKE",
         "owned":483
      },
      {  
         "symbol":"NKE",
         "owned":512
      },
      {  
         "symbol":"K",
         "owned":562
      },
      {  
         "symbol":"GE",
         "owned":288
      },
      {  
         "symbol":"PSX",
         "owned":465
      },
      {  
         "symbol":"FDX",
         "owned":263
      },
      {  
         "symbol":"AAPL",
         "owned":688
      },
      {  
         "symbol":"NFLX",
         "owned":828
      },
      {  
         "symbol":"NFLX",
         "owned":-211
      },
      {  
         "symbol":"APC",
         "owned":994
      }
   ]
}